Cell_voltage,Current,Supply_voltage,TEG1,TEG2,Time
12,11,20,7,1,0.0
11,24,28,27,16,1.0132241249084473
5,25,9,7,3,2.017704725265503
24,10,7,15,23,3.027937173843384
21,25,19,19,21,4.0320703983306885
15,17,19,11,26,5.043337345123291
24,21,9,13,29,6.053368806838989
27,4,25,17,1,7.0660083293914795
27,25,1,17,17,8.075990200042725
